{"filesMd5":[{"page":"/mediator/index.js","md5":"4a6dd90623770b51897846833b4f7eac"},{"page":"/pages/tabbr/leftItem.js","md5":"55df05be76a91af962a38166faf3eb22"},{"page":"/pages/tabbr/middleItem.js","md5":"b577a1ee214eb5729a98ce9edaa87c89"},{"page":"/pages/tabbr/rightItem.js","md5":"9d230d05847b36d0f048c1a93308a91f"},{"page":"/pages/App.js","md5":"1e65c06e727e86048faaaf496b228ba4"},{"page":"/config/index.js","md5":"ae5ed785064741d9ea0456937a9dfa92"},{"page":"/assets/TabBar_left@2x.png","md5":"625bd2c1aaa3f9b01ea0872eac7ba303"},{"page":"/assets/TabBar_left_Selected@2x.png","md5":"8697847dc9d77e181ee44b99ade509d6"},{"page":"/assets/TabBar_middle@2x.png","md5":"91523b525f0f6b0af1a9d506ba07b410"},{"page":"/assets/TabBar_middle_Selected@2x.png","md5":"e8ed90a85fb55dc5cd199d91a38b4a31"},{"page":"/assets/TabBar_right@2x.png","md5":"29641f09879f4c20a0738c564ac3bbb3"},{"page":"/assets/TabBar_right@2x_Selected@2x.png","md5":"8e1d5ed73686390f6516e8c40ed47aef"},{"page":"/assets/checked.png","md5":"412130ac924394d0e8bb975a188ae0d4"},{"page":"/assets/logo.png","md5":"78aec0416fef499d281d6be6f0ae05ea"},{"page":"/assets/name.png","md5":"e6e60a0d315670e8cd8980a7f4ec065d"},{"page":"/assets/nocheck.png","md5":"657156e44e8c2502f36b5d14729856d8"},{"page":"/assets/pwd.png","md5":"7da22dcae61aaeebd968497b81c99b73"}],"android":"1.0.0","iOS":"1.0.0","appName":"eros-app","jsVersion":"6d7e645324578ba4d1fe04fce03c0cde","timestamp":1536895108523,"jsPath":"http://localhost:3000/static/"}
