{"filesMd5":[{"page":"/mediator/index.js","md5":"78b027b06b5a3537805c450228863e6b"},{"page":"/pages/tabbr/leftItem.js","md5":"902ae6516e7bd251412f51ef1168fe3a"},{"page":"/pages/tabbr/middleItem.js","md5":"243bde50a5c95dbaeca7a84beaeac7d5"},{"page":"/pages/tabbr/rightItem.js","md5":"2627b5c0ccd415af5d3fe39e468ae412"},{"page":"/pages/App.js","md5":"83849a7192b1d5659dbd8d465d561c9b"},{"page":"/config/index.js","md5":"bf06a25da19d566f68426fc4734ab8ed"},{"page":"/assets/TabBar_left@2x.png","md5":"625bd2c1aaa3f9b01ea0872eac7ba303"},{"page":"/assets/TabBar_left_Selected@2x.png","md5":"8697847dc9d77e181ee44b99ade509d6"},{"page":"/assets/TabBar_middle@2x.png","md5":"91523b525f0f6b0af1a9d506ba07b410"},{"page":"/assets/TabBar_middle_Selected@2x.png","md5":"e8ed90a85fb55dc5cd199d91a38b4a31"},{"page":"/assets/TabBar_right@2x.png","md5":"29641f09879f4c20a0738c564ac3bbb3"},{"page":"/assets/TabBar_right@2x_Selected@2x.png","md5":"8e1d5ed73686390f6516e8c40ed47aef"},{"page":"/assets/checked.png","md5":"412130ac924394d0e8bb975a188ae0d4"},{"page":"/assets/logo.png","md5":"78aec0416fef499d281d6be6f0ae05ea"},{"page":"/assets/name.png","md5":"e6e60a0d315670e8cd8980a7f4ec065d"},{"page":"/assets/nocheck.png","md5":"657156e44e8c2502f36b5d14729856d8"},{"page":"/assets/pwd.png","md5":"7da22dcae61aaeebd968497b81c99b73"}],"android":"1.0.0","iOS":"1.0.0","appName":"crm","jsVersion":"74b4573762c5f619b7b08da974464a7c","timestamp":1536831581938,"jsPath":"http://localhost:3000/static/"}
